DROP DATABASE IF EXISTS universities;
CREATE DATABASE universities;
USE universities;
SET SQL_MODE = "NO_AUTO_VALUE_ON_ZERO";
START TRANSACTION;
SET time_zone = "+00:00";

CREATE TABLE `city` (
  `id_city` int(11) NOT NULL,
  `city_name` varchar(255) NOT NULL
) ENGINE=InnoDB DEFAULT CHARSET=utf8 COLLATE=utf8_unicode_ci;


INSERT INTO `city` (`id_city`, `city_name`) VALUES
(1, 'София'),
(2, 'Пловдив'),
(3, 'Варна'),
(4, 'Благоевград'),
(5, 'Бургас'),
(6, 'Велико Търново'),
(7, 'Перник'),
(8, 'Плевен'),
(9, 'Русе'),
(10, 'Свищов'),
(11, 'Габрово'),
(12, 'Стара Загора'),
(13, 'Шумен');


CREATE TABLE `faculty` (
  `id_faculty` int(11) NOT NULL,
  `faculty_name` varchar(255) NOT NULL
) ENGINE=InnoDB DEFAULT CHARSET=utf8 COLLATE=utf8_unicode_ci;


INSERT INTO `faculty` (`id_faculty`, `faculty_name`) VALUES
(1, 'електротехника и електроника'),
(2, 'Биологически факултет'),
(3, 'математика и информатика'),
(4, 'класически и нови филологии'),
(5, 'Исторически факултет'),
(6, 'Физически факултет'),
(7, 'Философски факултет'),
(8, 'журналистика и масова комуникация'),
(9, 'Геолого-географски факултет'),
(10, 'науки за образованието и изкуствата'),
(11, 'славянски филологии'),
(12, 'Машиностроене и уредостроене'),
(13, 'химия и фармация'),
(14, 'Стопански факултет'),
(15, 'компютърни науки и технологии'),
(16, 'електроника, телекомуникации и информационни технологии'),
(17, 'Медицински факултет'),
(18, 'Юридически факултет'),
(19, 'Богословски факултет'),
(20, 'Бакалавър'),
(21, 'Педагогически факултет'),
(22, 'Филологически факултет'),
(23, 'Икономика'),
(24, 'Специалности за двойна диплома'),
(25, 'Финанси и международен бизнес'),
(26, 'Техника и строителни технологии в транспорта'),
(27, 'Мениджмънт, маркетинг и дигитален бизнес'),
(28, 'Транспортен мениджмънт'),
(29, 'Комуникации и електрообзавеждане в транспорта'),
(30, 'Съвместно с ВВМУ \"Н. Й. Вапцаров\" - Варна'),
(31, 'Застраховане и осигуряване'),
(32, 'НОВА: Бизнес стратегии и управление на проекти'),
(33, 'Бизнес психология и човешки ресурси'),
(34, 'Счетоводство и одит'),
(35, 'Бизнес мениджмънт и маркетинг (с преподаване на английски език)'),
(36, 'обществено здраве'),
(37, 'Сценични изкуства'),
(38, 'Екранни изкуства'),
(39, 'Биотехнология'),
(40, 'Общо инженерство'),
(41, 'хуманитарни науки'),
(42, 'Филиал \"проф. Д-р Иван Митев\" - Враца'),
(43, 'Вокален факултет'),
(44, 'Инструментален факултет'),
(45, 'Теоретико‐композиторски и диригентски факултет'),
(46, 'Администрация и управление'),
(47, 'Финанси,счетоводство и контрол'),
(48, 'Приложна информатика,комуникации и иконометрия'),
(49, 'Социология,антропология и наука за културата'),
(50, 'библиотекознание и културно наследство'),
(51, 'Информационни науки'),
(52, 'Международни отношения'),
(53, 'Общ. комун. и инф. науки'),
(54, 'информатика и технически науки'),
(55, 'Туризъм'),
(56, 'Науки за земята'),
(57, 'Растениевъдство'),
(58, 'Животновъдство'),
(59, 'Бизнес администрация'),
(60, 'Самостоятелно проектиран специалност'),
(61, 'МЕЖДУНАРОДНА ИКОНОМИКА И АДМИНИСТРАЦИЯ'),
(62, 'АРХИТЕКТУРЕН ФАКУЛТЕТ'),
(63, 'Навигационен'),
(64, 'Инженерен'),
(65, 'Съвместно обучение с МУ-Варна и ВМА-София'),
(66, 'НАЦИОНАЛНА СИГУРНОСТ'),
(67, 'Общовойскови'),
(68, 'Артилерия, ПВО и КИС'),
(69, 'СПОРТ'),
(70, 'ПЕДАГОГИКА'),
(71, 'ОБЩЕСТВЕНО ЗДРАВЕ, ЗДРАВНИ ГРИЖИ И ТУРИЗЪМ'),
(72, 'ДЕПАРТАМЕНТ ДЕОИТ'),
(73, 'Аграрен факултет'),
(74, 'Компютърни системи и комуникации'),
(76, 'Факултет  \"Техника и технологии\" – Ямбол'),
(77, 'ТЕХНИЧЕСКИ ФАКУЛТЕТ'),
(78, 'ТЕХНОЛОГИЧЕН ФАКУЛТЕТ'),
(79, 'Филология');



CREATE TABLE `majors` (
  `id` int(11) NOT NULL,
  `id_uni` int(11) NOT NULL,
  `id_faculty` int(11) NOT NULL,
  `major` varchar(255) NOT NULL
) ENGINE=InnoDB DEFAULT CHARSET=utf8 COLLATE=utf8_unicode_ci;



INSERT INTO `majors` (`id`, `id_uni`, `id_faculty`, `major`) VALUES
(1, 38, 1, 'Автоматика, роботика и компютърни управляващи системи'),
(2, 35, 2, 'Агробиотехнологии'),
(3, 35, 3, 'Анализ на данни'),
(4, 35, 4, 'Английска филология'),
(5, 35, 4, 'Арабистика'),
(6, 35, 4, 'Арменистика и кавказология'),
(7, 35, 5, 'Археология'),
(8, 35, 5, 'Архивистика и документалистика'),
(9, 35, 6, 'Астрофизика, метеорология и геофизика'),
(10, 35, 4, 'Африканистика'),
(11, 35, 11, 'Балканистика'),
(12, 35, 7, 'Библиотечно-информационни науки'),
(13, 35, 2, 'Биология и английски език'),
(14, 35, 2, 'Биология и химия'),
(15, 35, 2, 'Биомениджмънт и устойчиво развитие'),
(16, 35, 2, 'Биотехнологии'),
(17, 35, 11, 'Българска филология'),
(18, 35, 8, 'Връзки с обществеността'),
(19, 35, 9, 'География'),
(20, 35, 9, 'География и английски език'),
(21, 35, 2, 'География и биология'),
(22, 35, 9, 'Геология'),
(23, 35, 9, 'Геология и проучване на природни ресурси'),
(24, 35, 9, 'Геопространствени системи и технологии'),
(25, 35, 10, 'Графичен дизайн'),
(26, 38, 12, 'Дизайн, техника и технологии в текстила'),
(27, 35, 7, 'Европеистика'),
(28, 35, 4, 'Европейски съюз и европейска интеграция'),
(29, 35, 2, 'Екология и опазване на околната среда'),
(30, 35, 13, 'Екохимия'),
(31, 38, 1, 'Електроенергетика и електрообзавеждане'),
(32, 38, 1, 'Електротехника и електроника'),
(33, 35, 5, 'Етнология'),
(34, 35, 8, 'Журналистика'),
(35, 35, 10, 'Изобразително изкуство'),
(36, 35, 14, 'Икономикa и финанси'),
(37, 35, 4, 'Индология'),
(38, 38, 12, 'Индустриални топлинни и газови системи'),
(39, 35, 6, 'Инженерна физика'),
(40, 35, 13, 'Инженерна химия и съвременни материали (с частично обучение на английски език)'),
(41, 35, 3, 'Информатика'),
(42, 35, 3, 'Информационни системи'),
(43, 35, 4, 'Иранистика'),
(44, 35, 4, 'Испанска филология'),
(45, 35, 5, 'История'),
(46, 35, 5, 'История и география'),
(47, 35, 5, 'История и геополитика на Балканите'),
(48, 35, 5, 'История и философия'),
(49, 35, 5, 'История и чужд език'),
(50, 35, 4, 'Италианска филология'),
(51, 35, 6, 'Квантова и космическа теоретична физика'),
(52, 35, 4, 'Китаистика'),
(53, 35, 4, 'Класическа филология'),
(54, 35, 8, 'Книгоиздаване'),
(55, 38, 12, 'Компютърен дизайн'),
(56, 35, 13, 'Компютърна химия'),
(57, 35, 3, 'Компютърни науки'),
(58, 38, 15, 'Компютърни системи и технологии'),
(59, 38, 12, 'Компютърни технологии в машиностроенето'),
(60, 35, 6, 'Компютърно инженерство'),
(61, 35, 6, 'Комуникации и физична електроника'),
(62, 35, 8, 'Комуникационен мениджмънт'),
(63, 38, 16, 'Комуникационни технологии и киберсигурност'),
(64, 35, 4, 'Кореистика'),
(65, 35, 7, 'Културология'),
(66, 35, 10, 'Логопедия'),
(67, 35, 3, 'Математика'),
(68, 35, 3, 'Математика и информатика'),
(69, 35, 10, 'Медийна педагогика и художествена комуникация'),
(70, 35, 10, 'Медийна педагогика и художествената комуникация'),
(71, 35, 17, 'Медицинска рехабилитация и ерготерапия'),
(72, 35, 17, 'Медицинска сестра'),
(73, 35, 6, 'Медицинска физика'),
(74, 35, 18, 'Международни отношения'),
(75, 38, 12, 'Мехатроника'),
(76, 35, 2, 'Молекулярна биология'),
(77, 35, 10, 'Музика'),
(78, 35, 10, 'Начална училищна педагогика и чужд език'),
(79, 35, 4, 'Немска филология'),
(80, 35, 4, 'Новогръцка филология'),
(81, 35, 6, 'Оптометрия'),
(82, 35, 7, 'Политология'),
(83, 35, 4, 'Португалска филология'),
(84, 35, 10, 'Предучилищна и начална училищна педагогика'),
(85, 35, 10, 'Предучилищна педагогика и чужд език'),
(86, 35, 3, 'Приложна математика'),
(87, 38, 1, 'Промишлена и автомобилна електроника'),
(88, 35, 7, 'Психология'),
(89, 35, 7, 'Публична администрация'),
(90, 35, 7, 'Публични информационни системи'),
(91, 35, 9, 'Регионално развитие и политика'),
(92, 35, 19, 'Религията в Европа'),
(93, 35, 4, 'Румънска филология'),
(94, 35, 11, 'Руска филология'),
(95, 35, 4, 'Скандинавистика'),
(96, 35, 11, 'Славянска филология'),
(97, 38, 15, 'Софтуерно и компютърно инженерство'),
(98, 35, 3, 'Софтуерно инженерство'),
(99, 35, 10, 'Социална педагогика'),
(100, 35, 7, 'Социология'),
(101, 35, 10, 'Специална педагогика'),
(102, 35, 5, 'Статистика'),
(103, 35, 14, 'Стопанско управление'),
(104, 35, 14, 'Счетоводство, финанси и дигитални приложения с обучение на английски език - Accounting, Finance and Digital Applications'),
(105, 35, 19, 'Теология (Богословие)'),
(106, 38, 1, 'Техническа безопасност'),
(107, 38, 12, 'Технология на материалите и материалознание'),
(108, 35, 9, 'Туризъм'),
(109, 35, 4, 'Тюркология'),
(110, 35, 4, 'Унгарска филология'),
(111, 35, 6, 'Учител по природни науки в основната степен на образование'),
(112, 35, 3, 'Факултативен модул \"Учител по информатика\"'),
(113, 35, 3, 'Факултативен модул \"Учител по математика\"'),
(114, 35, 6, 'Физика'),
(115, 35, 6, 'Физика и информатика'),
(116, 35, 6, 'Физика и математика'),
(117, 35, 6, 'Физика на ядрото и елементарните частици (на английски)'),
(118, 35, 10, 'Физическо възпитание и спорт'),
(119, 35, 7, 'Философия'),
(120, 35, 7, 'Философия (на английски език)'),
(121, 35, 6, 'Фотоника и лазерна физика'),
(122, 35, 4, 'Френска филология'),
(123, 35, 5, 'Хебраистика'),
(124, 35, 13, 'Химия'),
(125, 35, 13, 'Химия и английски език'),
(126, 35, 13, 'Химия и информатика'),
(127, 35, 4, 'Южна, Източна и Югоизточна Азия'),
(128, 35, 6, 'Ядрена техника и ядрена енергетика'),
(129, 35, 13, 'Ядрена химия'),
(130, 35, 4, 'Японистика'),
(131, 38, 14, 'Социални дейности'),
(132, 38, 14, 'Стопанско управление'),
(133, 38, 14, 'Публична администрация'),
(134, 38, 14, 'Индустриален мениджмънт'),
(135, 3, 20, 'Противодействие на престъпността и опазване на обществения ред'),
(136, 3, 20, 'Гранична полиция'),
(137, 3, 20, 'Публична администрация'),
(138, 9, 20, 'Строителство на сгради и съоръжения'),
(139, 9, 20, 'Строителен мениджмънт'),
(140, 9, 20, 'Строително инженерство'),
(141, 9, 20, 'Строителство и архитектура на сгради и съоръжения'),
(142, 9, 20, 'Защита на населението (Строителна пожарна и аварийна безопасност) (НОВА СПЕЦИАЛНОСТ)'),
(143, 7, 18, 'Право'),
(144, 7, 21, 'Социална педагогика'),
(145, 7, 21, 'Предучилищна педагогика и педагогика на ранното детство'),
(146, 7, 21, 'Предучилищна и начална училищна педагогика'),
(147, 7, 21, 'Предучилищна педагогика и логопедия'),
(148, 7, 21, 'Начална училищна педагогика и специална педагогика'),
(149, 7, 21, 'Начална училищна педагогика и чужд (английски) език'),
(150, 7, 21, 'Предучилищна педагогика и чужд (английски) език'),
(151, 7, 22, 'Българска филология (Р, З)'),
(152, 7, 22, 'Руска филология (руски език и култура с втори език по избор) (Р)'),
(153, 7, 22, 'Славянски езици и култури (полски или словашки, или сръбски с хърватски език и култура, и втори чужд език (Р)'),
(154, 7, 22, 'Балканистика (първи балкански език-албански, гръцки, румънски и втори балкански език-албански, гръцки, румънски, сръбски) (Р)'),
(155, 7, 22, 'Германистика (немски език и култура) (Р)'),
(156, 7, 22, 'Романистика (френски език и култура, с втори чужд език (Р)'),
(157, 7, 22, 'Приложна лингвистика. Български и английски език с информационни технологии (Р)'),
(158, 7, 22, 'Журналистика (Р, З)'),
(159, 7, 22, 'Връзки с обществеността (Р, З)'),
(160, 7, 22, 'Библиотекознание (Р, З)'),
(161, 7, 22, 'Английска филология (Р)'),
(162, 7, 22, 'Приложна лингвистика. Английски и втори* чужд език с информационни технологии (Р)'),
(163, 7, 22, 'Приложна лингвистика с два чужди езика (английски и втори* чужд език), преводачески профил (Р)'),
(164, 7, 22, 'Приложна лингвистика с два чужди езика (английски и втори* чужд език) с международен туризъм (Р)'),
(165, 7, 22, 'Приложна лингвистика с два чужди езика (английски и втори* чужд език) с бизнес комуникации (Р)'),
(166, 7, 22, 'Приложна лингвистика с два чужди езика (английски и втори* чужд език) с международни отношения (Р)'),
(167, 7, 22, 'Педагогика на обучението по български език и история (Р, З)'),
(168, 7, 5, 'История (Р, З)'),
(169, 7, 5, 'Археология (Р)'),
(170, 7, 5, 'География (Р)'),
(171, 7, 5, 'Регионално развитие и геоикономика (Р)'),
(172, 7, 7, 'Философия (Р, З)'),
(173, 7, 7, 'Психология (Р, З)'),
(174, 7, 7, 'Политология (Р, З)'),
(175, 7, 7, 'Дипломация и международни отношения (Р, З)'),
(176, 7, 7, 'Национална сигурност (Р,З)'),
(177, 7, 14, 'Социални дейности (Р, З)'),
(178, 7, 14, 'Предприемачество в социалната сфера (Р)'),
(179, 7, 14, 'Публична администрация (Р, З)'),
(180, 7, 14, 'Стопанско управление (Р, З)'),
(181, 7, 14, 'Финанси (Р, З)'),
(182, 7, 14, 'Маркетинг (Р, З)'),
(183, 7, 14, 'Счетоводство и контрол (Р, З)'),
(184, 7, 14, 'Международни икономически отношения (Р, З)'),
(185, 7, 14, 'Туризъм (Р,З)'),
(186, 7, 19, 'Теология'),
(187, 25, 20, 'Информационни технологии'),
(188, 25, 20, 'Мобилни комуникации и интернет'),
(189, 25, 20, 'Софтуерно проектиране и компютърно администриране'),
(190, 25, 20, 'Управление на услуги'),
(191, 25, 20, 'Смарт лидерство'),
(192, 10, 28, 'Икономика на транспорта'),
(193, 10, 28, 'Индустриален мениджмънт'),
(194, 10, 28, 'Сигурност и безопасност в транспорта'),
(195, 10, 28, 'Счетоводство и анализ в транспорта'),
(196, 10, 28, 'Технология и управление на транспорта'),
(198, 10, 26, 'Автомобилна техника'),
(199, 10, 26, 'Двигатели с вътрешно горене'),
(200, 10, 26, 'Железопътна техника'),
(201, 10, 26, 'Подвижен състав за високоскоростни влакове и метрополитен'),
(202, 10, 26, 'Подемно-транспортни, пътни и строителни машини'),
(203, 10, 26, 'Транспортно строителство'),
(204, 10, 29, 'Автоматика, електроника и компютърно управление в електрическия транспорт'),
(205, 10, 29, 'Електроенергетика и електрообзавеждане'),
(206, 10, 29, 'Електромобили'),
(207, 10, 29, 'Комуникационна и осигурителна техника'),
(208, 10, 29, 'Комуникационна и компютърна техника и системи'),
(209, 10, 30, 'Корабоплаване'),
(210, 10, 30, 'Корабна механика'),
(211, 10, 30, 'Киберсигурност в транспорта'),
(212, 10, 30, 'Логистика'),
(213, 12, 32, 'Управление на проекти'),
(214, 12, 32, 'Бюджетиране и финансиране на проекти'),
(215, 12, 32, 'Мениджмънт на бизнес процесите'),
(216, 12, 32, 'Бизнес планиране'),
(217, 12, 32, 'Европейски фондове и проекти'),
(218, 12, 32, 'Финансов анализ на проекти'),
(219, 12, 32, 'Управление на онлайн бизнес платформи'),
(220, 12, 25, 'Финансиране на международната търговия'),
(221, 12, 25, 'Публични финанси'),
(222, 12, 25, 'Финансово право'),
(223, 12, 25, 'Финансов мениджмънт'),
(224, 12, 25, 'Инвестиции'),
(225, 12, 25, 'Банково дело'),
(226, 12, 25, 'Търговско право'),
(227, 12, 25, 'Международни финанси'),
(228, 12, 25, 'Одитинг'),
(229, 12, 25, 'Счетоводни политики и финансови отчети'),
(230, 12, 25, 'Фондови пазари'),
(231, 12, 25, 'Финансови технологии (Финтех)'),
(232, 12, 31, 'Застрахователно и осигурително счетоводство'),
(233, 12, 31, 'Осигурителни продукти и осигурителен пазар'),
(234, 12, 31, 'Вътрешен контрол в застрахователното дружество'),
(235, 12, 31, 'Презастраховане'),
(236, 12, 31, 'Застрахователни продукти и застрахователен пазар'),
(237, 12, 31, 'Международни осигурителни отношения'),
(238, 12, 31, 'Финансов мениджмънт'),
(239, 12, 31, 'Застрахователно право'),
(240, 12, 31, 'Организация и финансиране на осигурителните системи'),
(241, 12, 33, 'Личностно и организационно развитие'),
(242, 12, 33, 'Екологични, социални и управленски политики (ESG)'),
(243, 12, 33, 'Работа в група и групова ефективност'),
(244, 12, 33, 'Организационна култура'),
(245, 12, 33, 'Икономика на труда'),
(246, 12, 33, 'Лидерство и мениджмънт'),
(247, 12, 33, 'Мениджмънт на бизнес процесите'),
(248, 12, 33, 'Психологическо консултиране в организацията'),
(249, 12, 34, 'Управленско счетоводство'),
(250, 12, 34, 'Финансов мениджмънт'),
(251, 12, 34, 'Застрахователно и осигурително счетоводство'),
(252, 12, 34, 'Финансово счетоводство'),
(253, 12, 34, 'Одитинг'),
(254, 12, 34, 'Счетоводни политики и финансови отчети'),
(255, 12, 34, 'Счетоводство на банките'),
(256, 12, 34, 'Данъчен и осигурителен контрол'),
(257, 12, 34, 'Информационни системи и технологии в счетоводството'),
(258, 12, 34, 'Трудово и осигурително право'),
(259, 12, 34, 'Търговско право'),
(260, 12, 27, 'Стратегически маркетинг'),
(261, 12, 27, 'Екологични, социални и управленски политики (ESG)'),
(262, 12, 27, 'Кризисен мениджмънт'),
(263, 12, 27, 'Управление на онлайн бизнес платформи'),
(264, 12, 27, 'Лидерство и мениджмънт'),
(265, 12, 27, 'Мениджмънт на бизнес процеси'),
(266, 12, 27, 'Бранд мениджмънт'),
(267, 12, 27, 'Лични финанси'),
(268, 12, 27, 'Дигитален маркетинг'),
(269, 12, 27, 'Финансови технологии (Финтех)'),
(270, 12, 35, 'Устойчиво развитие'),
(271, 12, 35, 'Стратегически маркетинг'),
(272, 12, 35, 'Оперативен мениджмънт'),
(273, 12, 35, 'Предприемачество'),
(274, 12, 35, 'Етика и кризисен мениджмънт'),
(275, 12, 35, 'Международен маркетинг'),
(276, 12, 35, 'Бизнес иновации'),
(277, 14, 20, 'Сигурност и отбрана'),
(278, 18, 20, 'Маркетинг'),
(279, 18, 20, 'Предприемачество'),
(280, 20, 20, 'Ландшафтна архитектура'),
(281, 20, 20, 'Екология и опазване на околната среда'),
(282, 20, 20, 'ветеринарна медицина'),
(283, 20, 20, 'Компютърни технологии в мебелната индустрия (ктми)'),
(284, 20, 20, 'Инженерен дизайн (интериор и дизайн на мебели)'),
(285, 20, 20, 'Технология на дървесината и мебелите'),
(286, 20, 20, 'Горско стопанство'),
(287, 20, 20, 'Алтернативен туризъм'),
(288, 20, 20, 'Стопанско управление'),
(289, 20, 20, 'Агрономство'),
(290, 20, 20, 'Растителна защита'),
(291, 23, 36, '36 и здравен мениджмънт'),
(292, 23, 36, 'Управление на здравните грижи'),
(293, 23, 36, 'Трудова медицина и работоспособност'),
(294, 23, 36, 'Акушерка'),
(295, 23, 36, 'Медицинска сестра'),
(296, 23, 36, 'Лекарски асистент'),
(297, 23, 36, 'Кинезитерапевт'),
(298, 23, 42, 'Акушерка'),
(299, 23, 42, 'Медицинска сестра'),
(300, 23, 42, 'Трудотерапия'),
(301, 23, 42, 'Лекарски асистент'),
(302, 26, 39, 'Газова, горивна и пречиствателна техника и технологии'),
(303, 26, 39, 'Биотехнология'),
(304, 26, 39, 'Автоматика, информационна и управляваща техника'),
(305, 26, 39, 'Геология и проучване на минерални и енергийни ресурси'),
(306, 26, 39, 'Екология и опазване на околната среда'),
(307, 26, 39, 'Подземно строителство'),
(308, 26, 39, 'Приложна геофизика'),
(309, 26, 40, 'Управление на ресурси и производствени системи'),
(310, 26, 40, 'Електроенергетика и електрообзавеждане'),
(311, 26, 40, 'Компютърни технологии в инженерната дейност'),
(312, 28, 37, 'Актьорство за драматичен театър'),
(313, 28, 37, 'Актьорство за куклен театър'),
(314, 28, 37, 'Театър на движението – Танцов театър'),
(315, 28, 37, 'Режисура за драматичен театър'),
(316, 28, 37, 'Сценография'),
(317, 28, 37, 'Театрознание и театрален мениджмънт'),
(318, 28, 38, 'Филмова и телевизионна режисура'),
(319, 28, 38, 'Филмово и телевизионно операторство'),
(320, 28, 38, 'Филмов и телевизионен монтаж'),
(321, 28, 38, 'Филмов и телевизионен звук'),
(322, 28, 38, 'Филмово и телевизионно продуцентство'),
(323, 28, 38, 'Филмов и телевизионен дизайн'),
(324, 28, 38, 'Филмова и телевизионна журналистика'),
(325, 28, 38, 'Драматургия'),
(326, 28, 38, 'Фотография'),
(327, 28, 38, 'Анимация'),
(328, 29, 43, 'Балетна педагогика'),
(329, 29, 43, 'Класическо пеене'),
(330, 29, 43, 'Музикално-сценична режисура'),
(331, 29, 43, 'Поп и джаз – Бас китара'),
(332, 29, 43, 'Поп и джаз – Китара'),
(333, 29, 43, 'Поп и джаз – Контрабас'),
(334, 29, 43, 'Поп и джаз – Пиано'),
(335, 29, 43, 'Поп и джаз – Саксофон'),
(336, 29, 43, 'Поп и джаз – Тромпет'),
(337, 29, 43, 'Поп и джаз – Ударни инструменти'),
(338, 29, 43, 'Поп и джаз – Флейта'),
(339, 29, 43, 'Поп и джаз – Цугтромбон'),
(340, 29, 43, 'Поп и джаз пеене'),
(341, 29, 43, 'Фолклорна хореография'),
(342, 29, 45, 'Звукорежисура, звуков и медиен дизайн'),
(343, 29, 45, 'Педагогика на обучението по музика'),
(344, 29, 44, 'Акордеон'),
(345, 29, 44, 'Арфа'),
(346, 29, 44, 'Валдхорна'),
(347, 29, 44, 'Виола'),
(348, 29, 44, 'Виолончело'),
(349, 29, 44, 'Гайда'),
(350, 29, 44, 'Гъдулка'),
(351, 29, 44, 'Кавал'),
(352, 29, 44, 'Келтска арфа'),
(353, 29, 44, 'Кларинет'),
(354, 29, 44, 'Класическа китара'),
(355, 29, 44, 'Контрабас'),
(356, 29, 44, 'Обой'),
(357, 29, 44, 'Пиано'),
(358, 29, 44, 'Тамбура'),
(359, 29, 44, 'Тромпет'),
(360, 29, 44, 'Туба'),
(361, 29, 44, 'Ударни инструменти'),
(362, 29, 44, 'Фагот'),
(363, 29, 44, 'Флейта'),
(364, 29, 44, 'Фолклорно пеене'),
(365, 29, 44, 'Цигулка'),
(366, 29, 44, 'Цугтромбон'),
(367, 31, 20, 'Живопис'),
(368, 31, 20, 'Стенопис'),
(369, 31, 20, 'Скулптура'),
(370, 31, 20, 'Графика'),
(371, 31, 20, 'Книга, илюстрация, печатна графика'),
(372, 31, 20, 'Плакат и визуална комуникация'),
(373, 31, 20, 'Изкуствознание'),
(374, 31, 20, 'Резба'),
(375, 31, 20, 'Керамика'),
(376, 31, 20, 'Сценография'),
(377, 31, 20, 'Текстил – изкуство и дизайн'),
(378, 31, 20, 'Метал'),
(379, 31, 20, 'Индустриален дизайн'),
(380, 31, 20, 'Рекламен дизайн'),
(381, 31, 20, 'Дизайн на порцелан и стъкло'),
(382, 31, 20, 'Дизайн за детската среда'),
(383, 31, 20, 'Моден дизайн'),
(384, 31, 20, 'Реставрация (магистърска специалност)'),
(385, 39, 20, 'Автоматика, информационна и управляваща техника'),
(386, 39, 20, 'Електроенергетика и електрообзавеждане'),
(387, 39, 20, 'Електротехника'),
(388, 39, 20, 'Топлоенергетика и ядрена енергетика'),
(389, 39, 20, 'Топлинни и хладилни технологии и системи'),
(390, 39, 20, 'Възобновяеми енергийни технологии и флуидна техника'),
(391, 39, 20, 'Дизайн и технологии за облекло и текстил'),
(392, 39, 20, 'Дигитални индустриални технологии'),
(393, 39, 20, 'Компютърно проектиране и технологии в машиностроенето'),
(394, 39, 20, 'Машиностроене'),
(395, 39, 20, 'Инженерна логистика'),
(396, 39, 20, 'Мехатроника'),
(397, 39, 20, 'Инженерен дизайн'),
(398, 39, 20, 'Електронни информационни системи'),
(399, 39, 20, 'Автомобилна електроника'),
(400, 39, 20, 'Телекомуникации'),
(401, 39, 20, 'Компютърно и софтуерно инженерство'),
(402, 39, 20, 'Информационни технологии в индустрията'),
(403, 39, 20, 'Транспортна техника и технологии'),
(404, 39, 20, 'Авиационна техника и технологии'),
(405, 39, 20, 'Технология и управление на транспорта'),
(406, 39, 20, 'Индустриален мениджмънт'),
(407, 39, 20, 'Стопанско управление'),
(408, 39, 20, 'Мениджмънт и бизнес информационни системи'),
(409, 39, 20, 'Приложна математика и информатика'),
(410, 39, 20, 'Информатика и софтуерни науки'),
(411, 39, 20, 'Приложна физика и компютърно моделиране'),
(412, 39, 20, 'Киберсигурност'),
(413, 39, 20, 'Интелигентни системи и изкуствен интелект (на български език)'),
(414, 39, 20, 'Интелигентни системи и изкуствен интелект (на английски език)'),
(415, 39, 20, 'Анализ на данни'),
(416, 39, 20, 'Педагогика на обучението по математика, физика и информатика'),
(417, 39, 20, 'Компютърни системи и технологии (на немски език)'),
(418, 39, 20, 'Мехатроника и информационна техника (на немски език)'),
(419, 39, 20, 'Стопанска информатика (на немски език)'),
(420, 39, 40, 'Индустриално инженерство (на английски език)'),
(421, 39, 1, 'Електроинженерство (на френски език)'),
(422, 41, 23, 'Аграрен бизнес'),
(423, 41, 23, 'Бизнес икономика'),
(424, 41, 23, 'Екоикономика'),
(425, 41, 23, 'Индустриален бизнес'),
(426, 41, 23, 'Мениджмънт на недвижимата собственост'),
(427, 41, 23, 'Предприемачество'),
(428, 41, 23, 'Творчески индустрии и бизнес'),
(429, 41, 23, 'Икономика и инфраструктура'),
(430, 41, 46, 'Бизнес администрация'),
(431, 41, 46, 'Публична администрация'),
(432, 41, 46, 'Регионално развитие'),
(433, 41, 46, 'Мениджмънт и администрация'),
(434, 41, 23, 'Застраховане и социално дело'),
(435, 41, 23, 'Икономика'),
(436, 41, 23, 'Икономика на човешките ресурси'),
(437, 41, 23, 'Икономическа социология и психология'),
(438, 41, 23, 'Макроикономика'),
(439, 41, 23, 'Политическа икономия'),
(440, 41, 23, 'Бизнес логистика'),
(441, 41, 23, 'Икономика на отбраната и сигурността'),
(442, 41, 23, 'Икономика на транспорта и енергетиката'),
(443, 41, 23, 'Търговия и продажби'),
(444, 41, 23, 'Маркетинг'),
(445, 41, 23, 'Стратегическо планиране'),
(446, 41, 23, 'Международен туризъм и икономика'),
(447, 41, 23, 'Интелектуална собственост и бизнес'),
(448, 41, 23, 'Международни икономически отношения'),
(449, 41, 23, 'Международни икономически отношения (съвместна програма)'),
(450, 41, 47, 'Счетоводство'),
(451, 41, 47, 'Финанси'),
(452, 41, 47, 'Финансов контрол'),
(453, 41, 47, 'Счетоводство и контрол'),
(454, 41, 48, 'Анализ на бизнес данни със специализиран софтуер'),
(455, 41, 48, 'Бизнес информатика и комуникации'),
(456, 41, 48, 'Статистика и иконометрия'),
(457, 41, 49, 'Социология'),
(458, 41, 18, 'Политология'),
(459, 41, 18, 'Право'),
(460, 41, 23, 'Бизнес информатика и комуникации с преподаване на английски език'),
(461, 41, 23, 'Икономика с преподаване на английски език'),
(462, 41, 23, 'Маркетинг и стратегическо планиране с преподаване на английски език'),
(463, 41, 23, 'Международни икономически отношения с преподаване на английски език'),
(464, 41, 23, 'Финанси и счетоводство с преподаване на английски език'),
(465, 41, 23, 'Бизнес икономика с преподаване на английски език (съвместна програма)'),
(466, 41, 53, 'Медии и журналистика'),
(467, 41, 53, 'Медия икономика'),
(468, 41, 52, 'Европеистика'),
(469, 41, 52, 'Европейска политика и икономика'),
(470, 41, 52, 'Международни отношения'),
(471, 42, 50, 'Библиотечно-информационни науки и управление на знанието (БИНУЗ)'),
(472, 42, 50, 'Библиотечен и информационен мениджмънт (БИМ)'),
(473, 42, 50, 'Иновативни комуникации и медийни технологии (ИКМТ)'),
(474, 42, 50, 'Информационни фондове на културно-историческото наследство (ИФКИН)'),
(475, 42, 50, 'Архивистика и документалистика (АД)'),
(476, 42, 50, 'Информационни ресурси на туризма (ИРТ)'),
(477, 42, 50, 'Комуникации и информиране (КИ)'),
(478, 42, 50, 'Обществени политики и практики (ОПП)'),
(479, 42, 50, 'Културно-историческо наследство (КИН)'),
(480, 42, 51, 'Информационни технологии (ИТ)'),
(481, 42, 51, 'Информационно брокерство (ИБ)'),
(482, 42, 51, 'Информационна сигурност (ИС)'),
(483, 42, 51, 'Компютърни науки (КН)'),
(484, 42, 51, 'Информационни технологии в съдебната администрация (ИТСА)'),
(485, 42, 51, 'Национална сигурност и културно-историческо наследство (НСКИН)'),
(486, 42, 51, 'Национална сигурност (НС)'),
(487, 45, 20, 'Автоматика и информационни технологии'),
(488, 45, 20, 'Биоматериали за приложения в медицината'),
(489, 45, 20, 'Биопродуктово инженерство, хартия и опаковки'),
(490, 45, 20, 'Биотехнологии (на български и на английски език)'),
(491, 45, 20, 'Биомедицинско инженерство (на български и на английски език)'),
(492, 45, 20, 'Горива и биоенергийни технологии'),
(493, 45, 20, 'Дигитални и конвенционални печатни технологии и дизайн'),
(494, 45, 20, 'Енергийна и екологична ефективност'),
(495, 45, 20, 'Зелени технологии'),
(496, 45, 20, 'Индустриална безопасност'),
(497, 45, 20, 'Индустриален мениджмънт'),
(498, 45, 20, 'Инженерна екология и опазване на околната среда'),
(499, 45, 20, 'Инженерна електрохимия и корозия'),
(500, 45, 20, 'Инженерна информатика'),
(501, 45, 20, 'Инженерни материали и материалознание'),
(502, 45, 20, 'Металургия'),
(503, 45, 20, 'Неорганични технологии'),
(504, 45, 20, 'Парфюмерия и козметика'),
(505, 45, 20, 'Полимерно инженерство'),
(506, 45, 20, 'Технологичен дизайн на текстила и кожите (освободена от такса)'),
(507, 45, 20, 'Технология на стъклото, керамиката и свързващите вещества (освободена от такса)'),
(508, 45, 20, 'Фин органичен синтез (освободена от такса)'),
(509, 45, 20, 'Химично инженерство (освободена от такса)'),
(510, 45, 20, 'Химично инженерство (на немски език)'),
(511, 45, 20, 'Чиста енергия и устойчиво развитие'),
(512, 22, 20, '„Кинезитерапия”'),
(513, 22, 20, '„Управление на здравните грижи”'),
(514, 22, 20, '„Медицинска рехабилитация и ерготерапия”'),
(515, 22, 20, '„Медицинска рехабилитация и ерготерапия”'),
(516, 22, 20, '„Опазване и контрол на общественото здраве”'),
(517, 22, 20, '„Социални дейности в здравеопазването”'),
(518, 22, 20, '„Медицинска сестра”'),
(519, 22, 20, 'Акушерка'),
(520, 22, 20, 'Медицински лаборант'),
(521, 22, 20, 'Рентгенов лаборант'),
(522, 22, 20, 'Интегрирани здравно-социални услуги'),
(523, 22, 20, 'Помощник-фармацевт'),
(524, 22, 20, 'Медицинска козметика'),
(525, 5, 18, 'Право'),
(526, 5, 23, 'Счетоводство и финанси'),
(527, 5, 23, 'Маркетинг и дигитални комуникации'),
(528, 5, 23, 'Управление на бизнеса и международна икономика'),
(529, 5, 54, 'Софтуерно инженерство'),
(530, 5, 54, 'Компютърни системи и технологии'),
(531, 5, 54, 'Системно инженерство в индустрията и туризма'),
(532, 5, 54, 'Електроснабдяване и електрообзавеждане'),
(533, 5, 41, 'Психология'),
(534, 5, 41, 'Предучилищна и начална училищна педагогика'),
(535, 50, 20, 'Бизнeсадминистрация и дигиталeн мeниджмънт'),
(536, 50, 20, 'Бизнeсадминистрация и управлeниe на проeкти'),
(537, 50, 20, 'Бизнeсадминистрация и приложна психология'),
(538, 50, 20, 'Туризъм и прeдприeмачeство'),
(539, 50, 20, 'Мeждународeн бизнeс'),
(540, 50, 20, 'Финанси и счeтоводство'),
(541, 50, 20, 'Бизнeсадминистрация и прeдприeмачeство'),
(542, 50, 20, 'Маркeтинг комуникации и иновации'),
(543, 36, 23, 'Аграрна икономика'),
(544, 36, 23, 'Аграрна икономика (съвместна програма)'),
(545, 36, 23, 'Бизнес икономика (на английски език)'),
(546, 36, 23, 'Бизнес информатика'),
(547, 36, 23, 'Бизнес статистика и анализи'),
(548, 36, 23, 'Застраховане и социално дело'),
(549, 36, 23, 'Икономика на туризма'),
(550, 36, 23, 'Икономика на туризма (съвместна програма)'),
(551, 36, 23, 'Икономика на търговията'),
(552, 36, 23, 'Индустриален бизнес и предприемачество'),
(553, 36, 23, 'Индустриален бизнес и предприемачество (съвместна програма)'),
(554, 36, 23, 'Макроикономика'),
(555, 36, 23, 'Маркетинг'),
(556, 36, 23, 'Международен бизнес (на английски език)'),
(557, 36, 23, 'Международни икономически отношения'),
(558, 36, 23, 'Стопански и финансов контрол'),
(559, 36, 23, 'Счетоводство и контрол'),
(560, 36, 23, 'Управление на проекти'),
(561, 36, 23, 'Финанси'),
(562, 36, 23, 'Публична администрация'),
(563, 36, 23, 'Стопанско управление'),
(564, 36, 24, 'Икономика и управление на туризма'),
(565, 36, 24, 'Икономика на регионалното развитие'),
(566, 36, 24, 'Стратегическо планиране в икономиката'),
(568, 35, 10, 'Социална педагогика'),
(570, 35, 10, 'Предучилищна и начална училищна педагогика'),
(571, 1, 23, 'Биоикономика'),
(572, 1, 23, 'Бизнес икономика'),
(573, 1, 23, 'Икономика и управление на регионалното развитие'),
(574, 1, 55, 'Аграрен туризъм'),
(575, 1, 56, 'Екология и опазване на околната среда'),
(576, 1, 40, 'Аграрно инженерство'),
(577, 1, 57, 'Агрономство (Полевъдство)'),
(578, 1, 57, 'Агрономство (Лозаро-градинарство и биологично производство)'),
(579, 1, 57, 'Агрономство (Декоративно градинарство и озеленяване)'),
(580, 1, 56, 'Растителна защита'),
(581, 1, 58, 'Зооинженерство'),
(582, 1, 58, 'Зооинженерство с информационни технологии'),
(583, 2, 20, 'Балетно изкуство (балетна педагогика)'),
(584, 2, 20, 'Българска народна хореография'),
(585, 2, 20, 'Графичен дизайн и фотография'),
(586, 2, 20, 'Дизайн на облеклото'),
(587, 2, 20, 'Изпълнителско изкуство (класически инструмент или класическо пеене)'),
(588, 2, 20, 'Изпълнителско изкуство (народен инструмент или народно пеене)'),
(589, 2, 20, 'Изпълнителско изкуство (поп и джаз)'),
(590, 2, 20, 'Педагогика на обучението по изобразително изкуство'),
(591, 2, 20, 'Педагогика на обучението по музика'),
(592, 2, 20, 'Стенна живопис'),
(593, 2, 20, 'Сценография'),
(594, 2, 20, 'Фотография'),
(595, 4, 59, 'Счетоводство'),
(596, 4, 59, 'Финанси'),
(597, 4, 59, 'Маркетинг'),
(598, 4, 59, 'Управление'),
(599, 4, 59, 'Туризъм и хотелиерство'),
(600, 4, 15, 'Основи на компютърната техника'),
(601, 4, 15, 'Разработване на софтуер'),
(602, 4, 20, 'Икономика'),
(603, 4, 20, 'Европеистика'),
(604, 4, 20, 'История и цивилизация'),
(605, 4, 20, 'Информационни системи (Data Science)'),
(606, 4, 20, 'Информационни системи (e-Commerce)'),
(607, 4, 20, 'Журналистика и масова комуникация'),
(608, 4, 20, 'Литература'),
(609, 4, 20, 'Математика'),
(610, 4, 20, 'Психология'),
(611, 4, 20, 'Физика'),
(612, 4, 20, 'Политически науки и международни отношения'),
(613, 4, 60, 'Бизнес комуникации и връзки с обществеността'),
(614, 4, 60, 'Политика за околната среда'),
(615, 4, 60, 'Сценични и визуални изкуства'),
(616, 4, 60, 'Политическа комуникация'),
(617, 4, 60, 'Социални науки'),
(618, 4, 20, 'Филмови и театрални изкуства'),
(619, 4, 20, 'Интегрирани маркетингови комуникации'),
(620, 6, 61, 'Бизнес администрация и мениджмънт'),
(621, 6, 61, 'Публична администрация и мениджмънт'),
(622, 6, 61, 'Международни икономически отношения'),
(623, 6, 61, 'Финанси и счетоводство'),
(624, 6, 61, 'Международен бизнес на английски език'),
(625, 6, 61, 'Информатика и компютърни науки'),
(626, 6, 18, 'Право'),
(627, 6, 18, 'Психология'),
(628, 6, 18, 'Защита на националната сигурност'),
(629, 6, 18, 'Противодействие на престъпността и опазване на обществения ред'),
(630, 6, 62, 'Архитектура'),
(631, 6, 62, 'Интериорен дизайн'),
(632, 6, 62, 'Строителство на сгради и съоръжения'),
(633, 6, 62, 'Водоснабдяване и канализация'),
(634, 6, 62, 'Пожарна и аварийна безопасност'),
(635, 6, 62, 'Моден дизайн'),
(636, 6, 62, 'Графичен дизайн'),
(637, 6, 62, 'Хореография - Български народни танци'),
(638, 6, 62, 'Хореография - Съвременен танцов театър'),
(639, 8, 63, 'Корабоводене'),
(640, 8, 63, 'Информационни и комуникационни технологии в морската индустрия'),
(641, 8, 63, 'Мениджмънт на водния транспорт'),
(642, 8, 63, 'Експлоатация на флота и пристанищата'),
(643, 8, 63, 'Логистика'),
(644, 8, 63, 'Корабоплаване'),
(645, 8, 63, 'Корабна радиоелектроника'),
(646, 8, 63, 'Речно корабоплаване'),
(647, 8, 65, 'Военен лекар'),
(648, 8, 65, 'Военна медицинска сестра'),
(649, 8, 63, 'Мениджмънт на пасажерски кораби'),
(650, 8, 63, 'Национална и регионална морска сигурност'),
(651, 8, 64, 'Корабни машини и механизми'),
(652, 8, 64, 'Информационни и комуникационни технологии'),
(653, 8, 64, 'Киберсигурност'),
(654, 8, 64, 'Електрообзавеждане на кораба'),
(655, 8, 64, 'Технология на кораборемонта'),
(656, 8, 64, 'Интелигентни системи в транспорта (Мехатроника)'),
(657, 11, 46, 'Стопанско управление'),
(658, 11, 46, 'Стопанско управление с Обучение на английски език'),
(659, 11, 46, 'Стопанско управление с Обучение на руски език'),
(660, 11, 46, 'Управление на агробизнеса'),
(661, 11, 46, 'Управление на човешките ресурси'),
(662, 11, 46, 'Управление на информационните системи'),
(663, 11, 23, 'Икономика на туризма'),
(664, 11, 23, 'Икономика на туризма с Обучение на английски език'),
(665, 11, 23, 'Икономика на туризма с Обучение на руски език'),
(666, 11, 23, 'Аграрна икономика'),
(667, 11, 23, 'Финанси'),
(668, 11, 23, 'Финанси с Обучение на английски език'),
(669, 11, 23, 'Финанси с Обучение на руски език'),
(670, 11, 23, 'Счетоводство'),
(671, 11, 23, 'Бизнес и предприемачество'),
(672, 13, 66, 'КИБЕРСИГУРНОСТ'),
(673, 13, 66, 'КОРПОРАТИВНА СИГУРНОСТ'),
(674, 13, 66, 'МИТНИЧЕСКО РАЗУЗНАВАНЕ И РАЗСЛЕДВАНЕ'),
(675, 13, 66, 'НАЦИОНАЛНА СИГУРНОСТ'),
(676, 13, 66, 'ПРОТИВОДЕЙСТВИЕ НА ТЕРОРИЗМА'),
(677, 13, 66, 'ПРОТИВОДЕЙСТВИЕ НА ПРЕСТЪПНОСТТА И ОПАЗВАНЕ НА ОБЩЕСТВЕНИЯ РЕД'),
(678, 13, 66, 'КРИМИНАЛИСТИКА'),
(679, 13, 23, 'МЕЖДУНАРОДЕН БИЗНЕС'),
(680, 13, 23, 'ИКОНОМИКА НА ТУРИЗМА'),
(681, 13, 23, 'ФИНАНСИ'),
(682, 13, 23, 'СЧЕТОВОДСТВО И КОНТРОЛ'),
(683, 13, 23, 'ДИГИТАЛЕН МАРКЕТИНГ'),
(684, 13, 46, 'БИЗНЕС МЕНИДЖМЪНТ'),
(685, 13, 46, 'СТОПАНСКО УПРАВЛЕНИЕ'),
(686, 13, 46, 'УПРАВЛЕНИЕ НА БИЗНЕС ИНФОРМАЦИОННИТЕ ТЕХНОЛОГИИ'),
(687, 13, 46, 'УПРАВЛЕНИЕ НА СОФТУЕРНИТЕ ТЕХНОЛОГИИ'),
(688, 15, 20, 'Зелена енергетика'),
(689, 15, 20, 'Строително инженерство'),
(690, 15, 20, 'специалност „Приложна информатика”'),
(691, 19, 59, 'Бизнес администрация'),
(692, 19, 55, 'Организация и управление на хотели и ресторанти'),
(693, 19, 55, 'Организация и управление на туристическото обслужване'),
(694, 19, 55, 'Туристическа анимация и екскурзоводство'),
(695, 27, 67, 'Автомобилна техника и транспортна логистика'),
(696, 27, 67, 'Защита на населението и инфраструктурата'),
(697, 27, 67, 'Защита на населението от бедствия, аварии и катастрофи'),
(698, 27, 67, 'Индустриален мениджмънт'),
(699, 27, 67, 'Логистика на сигурността'),
(700, 27, 67, 'Национална и регионална сигурност'),
(701, 27, 67, 'Стопанска логистика'),
(702, 27, 67, 'Строителни и специални машини'),
(703, 27, 67, 'Управление на ресурси и технологии'),
(704, 27, 67, 'Стопанска логистика'),
(705, 27, 68, 'Киберсигурност'),
(706, 27, 68, 'Административна и информационна сигурност'),
(707, 27, 68, 'Компютърни системи и технологии'),
(708, 27, 68, 'Компютърни технологии за проектиране'),
(709, 27, 68, 'Комуникационна техника и технологии'),
(710, 30, 69, 'Катедра Теория на спорта'),
(711, 30, 69, 'Катедра Борба и джудо'),
(712, 30, 69, 'Катедра Технически и ледени спортове'),
(713, 30, 69, 'Катедра Мениджмънт и история на спорта'),
(714, 30, 69, 'Катедра Футбол и тенис'),
(715, 30, 69, 'Катедра Тежка атлетика, бокс, фехтовка и спорт за всички'),
(716, 30, 69, 'Катедра Физиология и биохимия'),
(717, 30, 70, 'Катедра Анатомия и биомеханика'),
(718, 30, 70, 'Катедра Баскетбол, волейбол, хандбал'),
(719, 30, 70, 'Катедра Лека атлетика'),
(720, 30, 70, 'Катедра Психология, педагогика и социология'),
(721, 30, 70, 'Катедра Теория на физическото възпитание'),
(722, 30, 71, 'Катедра ТМ на кинезитерапията'),
(723, 30, 71, 'Катедра Кинезитерапия и рехабилитация'),
(724, 30, 71, 'Катедра Гимнастика'),
(725, 30, 71, 'Катедра Водни спортове'),
(726, 30, 71, 'Катедра Спортна медицина'),
(727, 30, 71, 'Катедра ТАО'),
(728, 30, 71, 'Катедра Снежни спортове'),
(729, 30, 72, 'Секция Чужди езици'),
(730, 30, 72, 'Секция Български език'),
(731, 30, 72, 'Секция Информационни технологии за анализ на движенията'),
(732, 30, 72, 'Център „Информационни системи и технологии”'),
(733, 40, 73, 'Aгрономство (Полевъдство)'),
(734, 40, 73, 'Aгрономство (Етерично-маслени култури)'),
(735, 40, 73, 'Аграрно инженерство'),
(736, 40, 73, 'Зооинжeнерство'),
(737, 40, 73, 'Екология и опазване на околната среда'),
(738, 40, 73, 'Рибовъдство и аквакултура'),
(739, 40, 17, 'Акушерка'),
(740, 40, 17, 'Медицинска сестра'),
(741, 40, 17, 'Социални дейности'),
(742, 40, 17, 'Кинезитерапия'),
(743, 40, 17, 'Лекарски асистент'),
(744, 40, 21, 'Предучилищна и начална училищна педагогика'),
(745, 40, 21, 'Начална училищна педагогика с чужд език'),
(746, 40, 21, 'Социална педагогика'),
(747, 40, 21, 'Специална педагогика'),
(748, 40, 21, 'Предучилищна педагогика'),
(749, 40, 21, 'Педагогика на обучението по информационни технологии'),
(750, 40, 21, 'Педагогика на обучението по изобразително изкуство и графичен дизайн'),
(751, 40, 21, 'Педагогика на обучението по физическо възпитание'),
(752, 40, 14, 'Бизнесикономика'),
(753, 40, 14, 'Регионална икономика и управление'),
(754, 40, 14, 'Аграрна икономика и търговия'),
(755, 40, 14, 'Аграрна икономика'),
(756, 40, 14, 'Местни финанси'),
(757, 40, 14, 'Информационни технологии в икономиката и управлението'),
(758, 40, 14, 'Софтуерно инженерство'),
(759, 40, 14, 'Информационни технологии'),
(760, 40, 46, 'Автотранспортна и земеделска техника'),
(761, 40, 46, 'Дизайн, технологии и мениджмънт на модната индустрия'),
(762, 40, 46, 'Автоматика и компютърни системи'),
(763, 40, 46, 'Електротехника'),
(764, 40, 74, 'Топло- и газоснабдяване'),
(765, 40, 74, 'Индустриално инженерство'),
(766, 40, 74, 'Технология на храните'),
(767, 37, 20, 'Актьорско майсторство (за драматичен театър)'),
(768, 37, 20, 'ктьорско майсторство (за кино)'),
(769, 43, 14, 'Бизнесикономика'),
(770, 43, 14, 'Икономика на хранителната индустрия'),
(771, 43, 14, 'Туризъм'),
(772, 43, 14, 'Хотелиерство и ресторантьорство'),
(773, 43, 14, 'Храни, хранене и диететика'),
(774, 43, 14, 'Хранене и туризъм'),
(775, 43, 14, 'Кетъринг'),
(776, 43, 14, 'Индустриален мениджмънт'),
(777, 43, 14, 'Индустриален бизнес и предприемачество'),
(778, 43, 77, 'Машини и апарати за хранително-вкусовата и биотехнологичната промишленост'),
(779, 43, 77, 'Автоматика, информационна и управляваща техника'),
(780, 43, 77, 'Компютърни системи и технологии'),
(781, 43, 77, 'Топлотехника'),
(782, 43, 78, 'Технология и качество на храни'),
(783, 43, 78, 'Технология и дизайн на храни и ароматно – вкусови продукти'),
(784, 43, 78, 'Технология на виното и пивото – презентация'),
(785, 43, 78, 'Анализ, контрол и екология на храните'),
(787, 49, 20, 'Автоматика, информационни и управляващи компютърни системи (АИУКС)'),
(788, 49, 20, 'Автомобилна електроника - Интелигентни транспортни системи (ИТС)'),
(789, 49, 20, 'Автомобилна техника (АТ)'),
(790, 49, 20, 'Агрономство (А)'),
(791, 49, 20, 'Биомедицинска електроника (БМЕ)'),
(792, 49, 20, 'Възобновяеми енергийни източници (ВЕИ)'),
(793, 49, 20, 'Електроенергетика (ЕЕ)'),
(794, 49, 20, 'Електроника (Е)'),
(795, 49, 20, 'Електрообзавеждане на кораба (ЕОК)'),
(796, 49, 20, 'Електроснабдяване и електрообзавеждане (ЕСЕО)'),
(797, 49, 20, 'Електротехника и електротехнологии (ЕТЕТ)'),
(798, 49, 20, 'Защита на населението при бедствия и аварии (ЗНБА)'),
(799, 49, 20, 'Изкуствен интелект (ИИ)'),
(800, 49, 20, 'Индустриален дизайн (ИД)'),
(801, 49, 20, 'Индустриален мениджмънт (ИМ)'),
(802, 49, 20, 'Инженерна екология (ИЕ)'),
(803, 49, 20, 'Информационни и комуникационни технологии (ИКТ)'),
(804, 49, 20, 'Киберсигурност (КС)'),
(805, 49, 20, 'Компютъризирани технологии в машиностроенето (КТМ)'),
(806, 49, 20, 'Компютърни системи и технологии (КСТ)'),
(807, 49, 20, 'Корабни машини и механизми (КММ)'),
(808, 49, 20, 'Корабоводене (КВ)'),
(809, 49, 20, 'Корабостроене и морска техника (КМТ)'),
(810, 49, 20, 'Логистика на водния транспорт (ЛВТ)'),
(811, 49, 20, 'Машиностроителна техника и технологии (МТТ)'),
(812, 49, 20, 'Производствен инженеринг (ПИ)'),
(813, 49, 20, 'Роботика и мехатроника (РМ)'),
(814, 49, 20, 'Софтуерни и интернет технологии (СИТ)'),
(815, 49, 77, 'Социален мениджмънт (СМ)'),
(816, 49, 78, 'Строителен мениджмънт (СтМ)'),
(817, 49, 20, 'Технологично предприемачество и иновации (ТПИ)'),
(818, 49, 20, 'Топлотехника и инвестиционно проектиране (ТИП)'),
(819, 49, 20, 'Транспортна техника и технологии (ТТТ)'),
(820, 50, 20, 'Бизнeсадминистрация и дигиталeн мeниджмънт'),
(821, 50, 20, 'Бизнeсадминистрация и управлeниe на проeкти'),
(822, 50, 20, 'Бизнeсадминистрация и приложна психология'),
(823, 50, 20, 'Туризъм и прeдприeмачeство'),
(824, 50, 20, 'Мeждународeн бизнeс'),
(825, 50, 20, 'Финанси и счeтоводство'),
(826, 50, 20, 'Бизнeсадминистрация и прeдприeмачeство'),
(827, 50, 20, 'Маркeтинг комуникации и иновации'),
(828, 48, 20, 'Бизнес администрация'),
(829, 48, 20, 'Бизнес администрация на английски език'),
(830, 48, 20, 'Маркетинг'),
(831, 48, 20, 'Мениджмънт на туристически услуги'),
(832, 48, 20, 'Счетоводство и контрол'),
(833, 46, 20, 'Бизнес информатика'),
(834, 46, 20, 'Бизнес математика'),
(835, 46, 20, 'Икономика'),
(836, 46, 20, 'Икономика и математика'),
(837, 46, 20, 'Икономическа информатика'),
(838, 46, 20, 'Информационни технологии в икономиката ()'),
(839, 46, 20, 'Информационни технологии, информатика и математика'),
(840, 46, 20, 'Компютърен дизайн и мултимедия'),
(841, 46, 20, 'Компютърна информатика'),
(842, 46, 20, 'Компютърни информационни технологии'),
(843, 46, 20, 'Математика и информатика'),
(844, 46, 20, 'Педагогика на обучението по икономика и математика'),
(845, 46, 20, 'Софтуерно инженерство'),
(846, 44, 20, 'Рехабилитатор'),
(847, 44, 20, 'Помощник фармацевт'),
(848, 44, 20, 'Организация и управление на хотела и ресторанта'),
(849, 44, 20, 'Управление на туроператорската и турагентската дейност'),
(850, 44, 20, 'Електротехника'),
(851, 44, 20, 'Транспортна техника и технологии'),
(852, 44, 20, 'Ремонт и експлоатация на автотранспортна техника'),
(853, 44, 20, 'Автомобилна електроника'),
(854, 44, 20, 'Машиностроене и уредостроене'),
(855, 44, 20, 'Компютърни системи и технологии'),
(856, 46, 20, 'Предучилищна и начална училищна педагогика'),
(857, 46, 20, 'Начална училищна педагогика и чужд език'),
(858, 46, 20, 'Предучилищна педагогика и чужд език'),
(859, 46, 20, 'Социална педагогика'),
(860, 46, 20, 'Специална педагогика'),
(861, 46, 20, 'Педагогика и образователен мениджмънт'),
(862, 46, 20, 'Начална училищна педагогика'),
(863, 46, 20, 'Педагогика на обучението по математика, информатика и информационни технологии'),
(864, 46, 20, 'Педагогика на обучението по Български език и чужд език'),
(865, 46, 20, 'Педагогика на обучението по изобразително изкуство'),
(866, 46, 20, 'Педагогика на музикалното изкуствo'),
(867, 46, 20, 'Педагогика на обучението по технологии и предприемачество'),
(868, 46, 20, 'Педагогика на обучението по физика и математика'),
(869, 46, 20, 'Педагогика на обучението по химия и физика'),
(870, 46, 20, 'Педагогика на обучението по география и история'),
(871, 46, 20, 'Физическо възпитание и спорт'),
(872, 46, 20, 'Техника, технологии и предприемачество'),
(873, 47, 79, 'Българска филология'),
(874, 47, 79, 'Английска филология'),
(875, 47, 79, 'Приложна лингвистика'),
(876, 47, 79, 'Английски език и етнология'),
(877, 47, 79, 'Английски език: превод и комуникации'),
(878, 47, 79, 'Чужд език (руски, немски или френски и втори чужд език английски) и бизнес администрация'),
(879, 47, 79, 'Славянски език (руски, чешки или хърватски) и туризъм'),
(880, 17, 23, 'Счетоводство и одит'),
(881, 17, 23, 'Счетоводство и финанси'),
(882, 17, 23, 'Счетоводство (с преподаване на английски език)'),
(883, 17, 23, 'Финанси'),
(884, 17, 23, 'Аграрен бизнес'),
(885, 17, 23, 'Бизнес икономика'),
(886, 17, 23, 'Недвижими имоти и инвестиции'),
(887, 17, 23, 'Предприемачество и инвестиционен мениджмънт'),
(888, 17, 23, 'Икономика и търговия'),
(889, 17, 23, 'Индустриален бизнес и предприемачество'),
(890, 17, 23, 'Логистика'),
(891, 17, 23, 'Стокознание и митническа дейност'),
(892, 17, 23, 'Международни икономически отношения'),
(893, 17, 23, 'Маркетинг'),
(894, 17, 23, 'Социална сигурност и застраховане'),
(895, 17, 23, 'Дигитални медии и ПР'),
(896, 17, 23, 'Международен бизнес (с преподаване на английски език)'),
(897, 17, 23, 'Бизнес и мениджмънт (с преподаване на английски език)'),
(898, 17, 23, 'Дигитални технологии в бизнеса'),
(899, 17, 46, 'Мениджмънт'),
(900, 17, 46, 'Публична администрация'),
(901, 17, 46, 'Съдебна администрация'),
(902, 17, 3, 'Информатика и компютърни науки'),
(903, 17, 3, 'Мобилни и уеб технологии'),
(904, 17, 3, 'Data Science'),
(905, 17, 55, 'Туризъм'),
(906, 17, 55, 'Международен туризъм (с преподаване на руски език)'),
(907, 21, 20, 'Медицинска речева и езикова патология'),
(908, 21, 20, 'Управление на здравните грижи'),
(909, 21, 20, 'Обществено здраве и здравен мениджмънт'),
(910, 21, 20, 'Мениджмънт на медико-социалните дейности и общественото здраве'),
(911, 21, 20, 'Рехабилитация, уелнес, СПА и балнеолечение (4 семестъра)'),
(912, 21, 20, 'Фармацевтичен бизнес мениджмънт'),
(913, 21, 20, 'Медицинска сестра'),
(914, 21, 20, 'Акушерка'),
(915, 21, 20, 'Лекарски асистент'),
(916, 21, 20, 'Помощник-фармацевт'),
(917, 21, 20, 'Медицински лаборант'),
(918, 21, 20, 'Рентгенов лаборант'),
(919, 21, 20, 'Рехабилитатор'),
(920, 21, 20, 'Зъботехник'),
(921, 21, 20, 'Инспектор обществено здраве'),
(922, 21, 20, 'Инструктор диетично хранене'),
(923, 21, 20, 'Медицинска козметика'),
(924, 33, 2, 'Биология'),
(925, 33, 2, 'Молекулярна биология'),
(926, 33, 2, 'Медицинска биология'),
(927, 33, 2, 'Екология и опазване на околната среда'),
(928, 33, 2, 'Фармацевтични биотехнологии'),
(929, 33, 2, 'Биология и химия'),
(930, 33, 2, 'Биология и английски език'),
(931, 33, 2, 'Микробиология и вирусология'),
(932, 33, 21, 'Специална педагогика'),
(933, 33, 21, 'Социална педагогика'),
(934, 33, 21, 'Педагогика'),
(935, 33, 21, 'Психология'),
(936, 33, 21, 'Социални дейности'),
(937, 33, 21, 'Начална училищна педагогика и чужд език'),
(938, 33, 21, 'Начална училищна педагогика'),
(939, 33, 21, 'Предучилищна педагогика'),
(940, 33, 21, 'Предучилищна и начална училищна педагогика'),
(941, 33, 21, 'Педагогика на обучението по физическо възпитание'),
(942, 33, 21, 'Музика'),
(943, 33, 21, 'Педагогика на обучението по музика'),
(944, 33, 21, 'Джаз и поп изпълнителско изкуство'),
(945, 33, 21, 'Графичен дизайн с реклама'),
(946, 33, 21, 'Педагогика на обучението по изобразително изкуство'),
(947, 33, 21, 'Актьорство за драматичен театър'),
(948, 33, 23, 'Икономика и бизнес'),
(949, 33, 23, 'Маркетинг'),
(950, 33, 23, 'Финанси'),
(951, 33, 23, 'Счетоводство'),
(952, 33, 23, 'Бизнес мениджмънт'),
(953, 33, 23, 'Публична администрация'),
(954, 33, 23, 'Мениджмънт на туристическия бизнес'),
(955, 33, 23, 'Национална сигурност'),
(956, 33, 23, 'Международни икономически отношения'),
(957, 33, 23, 'Политология'),
(958, 33, 23, 'Международна политика и бизнес дипломация'),
(959, 33, 3, 'Математика'),
(960, 33, 3, 'Приложна математика'),
(961, 33, 3, 'Бизнес математика'),
(962, 33, 3, 'Информатика'),
(963, 33, 3, 'Бизнес информационни технологии'),
(964, 33, 3, 'Софтуерни технологии и дизайн'),
(965, 33, 3, 'Софтуерно инженерство'),
(966, 33, 3, 'Математика, информатика и информационни технологии'),
(967, 33, 3, 'Информационни технологии, математика и образователен мениджмънт'),
(968, 33, 6, 'Ин­же­нер­на фи­зи­ка'),
(969, 33, 6, 'Медицинска физика'),
(970, 33, 6, 'Технологии в телекомуникациите'),
(971, 33, 6, 'Телеко­му­ни­ка­ционни и информационни системи'),
(972, 33, 6, 'Телекомуникации с мениджмънт'),
(973, 33, 6, 'Информационно и компютърно инженерство'),
(974, 33, 6, 'Екоенергийни технологии'),
(975, 33, 6, 'Обучение по природни науки в прогимназиалния етап на училищното образование'),
(976, 33, 6, 'Ма­ши­но­стро­и­тел­на тех­ни­ка и тех­но­ло­гии (Обучение в гр. Смолян)'),
(977, 33, 6, 'Автомобилна техника (Обучение в гр. Смолян)'),
(978, 33, 6, 'Хардуерни и софтуерни системи (Обучение в гр. Смолян)'),
(979, 33, 6, 'Автомобилни електронни системи (Обучение в гр. Смолян)'),
(980, 33, 6, 'Електроснабдяване и електрообзавеждане (Обучение в гр. Смолян)'),
(981, 33, 6, 'Информационно и компютърно инженерство с мениджмънт (Обучение в гр. Смолян)'),
(982, 33, 22, 'Българска филология'),
(983, 33, 22, 'Славистика (Полски език, Чешки език, Сръбски език)'),
(984, 33, 22, 'Английска филология'),
(985, 33, 22, 'Руска филология'),
(986, 33, 22, 'Френска филология'),
(987, 33, 22, 'Балканистика'),
(988, 33, 22, 'Приложна лингвистика'),
(989, 33, 22, 'Лингвистика с информационни технологии'),
(990, 33, 22, 'Лингвистика с маркетинг'),
(991, 33, 22, 'Лингвистика с бизнес администрация'),
(992, 33, 22, 'Български език и история'),
(993, 33, 22, 'Български език, гражданско образование и философия'),
(994, 33, 22, 'Български език и английски език'),
(995, 33, 22, 'Български език и френски език'),
(996, 33, 22, 'Български език и немски език'),
(997, 33, 22, 'Български език и италиански език'),
(998, 33, 22, 'Български език и руски език'),
(999, 33, 22, 'Български език и испански език'),
(1000, 33, 22, 'Български език и новогръцки език'),
(1001, 33, 22, 'Български език и турски език'),
(1002, 33, 22, 'Български език и китайски език'),
(1003, 33, 22, 'Български език и корейски език'),
(1004, 33, 22, 'Английски език и културно наследство'),
(1005, 33, 5, 'Археология'),
(1006, 33, 5, 'Документалистика и архивистика'),
(1007, 33, 5, 'География, технологии и предприемачество'),
(1008, 33, 5, 'Гражданско образование, философия и чужд език'),
(1009, 33, 5, 'История'),
(1010, 33, 5, 'История и културно наследство'),
(1011, 33, 5, 'История и чужд език'),
(1012, 33, 5, 'Културен туризъм'),
(1013, 33, 5, 'Културна и социална антропология'),
(1014, 33, 5, 'Социология и науки за човека'),
(1015, 33, 5, 'Социология на правото, икономиката и иновациите'),
(1016, 33, 5, 'Теология'),
(1017, 33, 5, 'Философия'),
(1018, 33, 13, 'Химия'),
(1019, 33, 13, 'Медицинска химия'),
(1020, 33, 13, 'Химия с маркетинг'),
(1021, 33, 13, 'Химичен анализ и контрол на качеството'),
(1022, 33, 13, 'Химия и английски език'),
(1023, 33, 13, 'Зелена химия и екоикономика'),
(1024, 33, 18, 'Право');


CREATE TABLE `uni` (
  `id_uni` int(11) NOT NULL,
  `id_city` int(11) NOT NULL,
  `uni_name` varchar(255) NOT NULL
) ENGINE=InnoDB DEFAULT CHARSET=utf8 COLLATE=utf8_unicode_ci;



INSERT INTO `uni` (`id_uni`, `id_city`, `uni_name`) VALUES
(1, 1, 'Аграрен университет'),
(2, 2, 'Академия за музикално, танцово и изобразително изкуство'),
(3, 1, 'Академия на МВР'),
(4, 4, 'Американски университет в България'),
(5, 5, 'Бургаски свободен университет'),
(6, 3, 'Варненски свободен университет „Черноризец Храбър“'),
(7, 6, 'Великотърновски университет \"Свети свети Кирил и Методий\"'),
(8, 3, 'Висше военноморско училище „Никола Вапцаров“'),
(9, 1, 'Висше строително училище \"Любен Каравелов\"'),
(10, 1, 'Висше транспортно училище \"Тодор Каблешков\"'),
(11, 2, 'Висше училище по агробизнес и развитие на регионите'),
(12, 1, 'Висше училище по застраховане и финанси'),
(13, 2, 'Висше училище по сигурност и икономика'),
(14, 1, 'Военна академия \"Георги Стойков Раковски\"'),
(15, 7, 'Европейски политехнически университет'),
(16, 2, 'Европейско висше училище по икономика и мениджмънт'),
(17, 3, 'Икономически университет'),
(18, 1, 'Колеж по мениджмънт, търговия и маркетинг'),
(19, 4, 'Колеж по туризъм'),
(20, 1, 'Лесотехнически университет'),
(21, 2, 'Медицински университет'),
(22, 8, 'Медицински университет'),
(23, 1, 'Медицински университет'),
(24, 3, 'Медицински университет'),
(25, 1, 'Колеж по телекомуникации и пощи'),
(26, 1, 'Минно-геоложки университет \"Свети Иван Рилски\"'),
(27, 6, 'Национален военен университет „Васил Левски“'),
(28, 1, 'Национална академия за театрално и филмово изкуство \"Кръстьо Сарафов\" - НАТФИЗ'),
(29, 1, 'Национална музикална академия \"Професор Панчо Владигеров\"'),
(30, 1, 'Национална спортна академия \"Васил Левски\"'),
(31, 1, 'Национална художествена академия'),
(32, 1, 'Нов български университет'),
(33, 2, 'Пловдивски университет „Паисий Хилендарски“'),
(34, 9, 'Русенски университет „Ангел Кънчев“'),
(35, 1, 'Софийски университет \"Св. Климент Охридски\"'),
(36, 10, 'Стопанска академия „Димитър Ценов“'),
(37, 1, 'Театрален колеж \"Любен Гройс\"'),
(38, 11, 'Технически университет'),
(39, 1, 'Технически университет'),
(40, 12, 'Тракийски университет'),
(41, 1, 'Университет за национално и световно стопанство - УНСС'),
(42, 1, 'Университет по библиотекознание и информационни технологии'),
(43, 2, 'Университет по хранителни технологии'),
(44, 5, 'Университет „Професор доктор Асен Златаров“'),
(45, 1, 'Химикотехнологичен и металургичен университет'),
(46, 13, 'Шуменски университет „Епископ Константин Преславски“'),
(47, 4, 'Югозападен университет \"Неофит Рилски\"'),
(48, 2, 'Европейски колеж по икономика и управление'),
(49, 3, 'Технически университет'),
(50, 1, 'Международно висше бизнес училище');


ALTER TABLE `city`
  ADD PRIMARY KEY (`id_city`);


ALTER TABLE `faculty`
  ADD PRIMARY KEY (`id_faculty`);


ALTER TABLE `majors`
  ADD PRIMARY KEY (`id`),
  ADD KEY `id_uni` (`id_uni`),
  ADD KEY `id_faculty` (`id_faculty`);


ALTER TABLE `uni`
  ADD PRIMARY KEY (`id_uni`),
  ADD KEY `id_city` (`id_city`);


ALTER TABLE `majors`
  MODIFY `id` int(11) NOT NULL AUTO_INCREMENT, AUTO_INCREMENT=1025;


ALTER TABLE `majors`
  ADD CONSTRAINT `majors_ibfk_1` FOREIGN KEY (`id_uni`) REFERENCES `uni` (`id_uni`),
  ADD CONSTRAINT `majors_ibfk_2` FOREIGN KEY (`id_faculty`) REFERENCES `faculty` (`id_faculty`);


ALTER TABLE `uni`
  ADD CONSTRAINT `uni_ibfk_1` FOREIGN KEY (`id_city`) REFERENCES `city` (`id_city`);
COMMIT;
